
INSERT INTO Customers (CustomerID, Name, DOB, Balance, LastModified)
VALUES (1, 'John Doe', TO_DATE('1985-05-15', 'YYYY-MM-DD'), 1000, SYSDATE);

INSERT INTO Customers (CustomerID, Name, DOB, Balance, LastModified)
VALUES (2, 'Jane Smith', TO_DATE('1990-07-20', 'YYYY-MM-DD'), 1500, SYSDATE);

INSERT INTO Customers (CustomerID, Name, DOB, Balance, LastModified)
VALUES (3, 'Elder Sam', TO_DATE('1950-01-10', 'YYYY-MM-DD'), 8000, SYSDATE);

INSERT INTO Customers (CustomerID, Name, DOB, Balance, LastModified)
VALUES (4, 'Richie Rich', TO_DATE('1988-11-22', 'YYYY-MM-DD'), 25000, SYSDATE);

INSERT INTO Customers (CustomerID, Name, DOB, Balance, LastModified)
VALUES (5, 'Old Gold', TO_DATE('1945-12-05', 'YYYY-MM-DD'), 12000, SYSDATE);



INSERT INTO Accounts (AccountID, CustomerID, AccountType, Balance, LastModified)
VALUES (1, 1, 'Savings', 1000, SYSDATE);

INSERT INTO Accounts (AccountID, CustomerID, AccountType, Balance, LastModified)
VALUES (2, 2, 'Checking', 1500, SYSDATE);

INSERT INTO Accounts (AccountID, CustomerID, AccountType, Balance, LastModified)
VALUES (3, 3, 'Savings', 8000, SYSDATE);

INSERT INTO Accounts (AccountID, CustomerID, AccountType, Balance, LastModified)
VALUES (4, 4, 'Savings', 25000, SYSDATE);

INSERT INTO Accounts (AccountID, CustomerID, AccountType, Balance, LastModified)
VALUES (5, 5, 'Checking', 12000, SYSDATE);



INSERT INTO Transactions (TransactionID, AccountID, TransactionDate, Amount, TransactionType)
VALUES (1, 1, SYSDATE, 200, 'Deposit');

INSERT INTO Transactions (TransactionID, AccountID, TransactionDate, Amount, TransactionType)
VALUES (2, 2, SYSDATE, 300, 'Withdrawal');

INSERT INTO Transactions (TransactionID, AccountID, TransactionDate, Amount, TransactionType)
VALUES (3, 3, SYSDATE, 1000, 'Deposit');

INSERT INTO Transactions (TransactionID, AccountID, TransactionDate, Amount, TransactionType)
VALUES (4, 4, SYSDATE, 500, 'Withdrawal');

INSERT INTO Transactions (TransactionID, AccountID, TransactionDate, Amount, TransactionType)
VALUES (5, 5, SYSDATE, 2000, 'Deposit');



INSERT INTO Loans (LoanID, CustomerID, LoanAmount, InterestRate, StartDate, EndDate)
VALUES (1, 1, 5000, 5, SYSDATE, ADD_MONTHS(SYSDATE, 60));

INSERT INTO Loans (LoanID, CustomerID, LoanAmount, InterestRate, StartDate, EndDate)
VALUES (2, 3, 7000, 6, TO_DATE('2023-01-01', 'YYYY-MM-DD'), SYSDATE + 20);

INSERT INTO Loans (LoanID, CustomerID, LoanAmount, InterestRate, StartDate, EndDate)
VALUES (3, 4, 20000, 7, TO_DATE('2023-01-01', 'YYYY-MM-DD'), ADD_MONTHS(SYSDATE, 12));

INSERT INTO Loans (LoanID, CustomerID, LoanAmount, InterestRate, StartDate, EndDate)
VALUES (4, 5, 15000, 6.5, TO_DATE('2023-01-01', 'YYYY-MM-DD'), SYSDATE + 10);



INSERT INTO Employees (EmployeeID, Name, Position, Salary, Department, HireDate)
VALUES (1, 'Alice Johnson', 'Manager', 70000, 'HR', TO_DATE('2015-06-15', 'YYYY-MM-DD'));

INSERT INTO Employees (EmployeeID, Name, Position, Salary, Department, HireDate)
VALUES (2, 'Bob Brown', 'Developer', 60000, 'IT', TO_DATE('2017-03-20', 'YYYY-MM-DD'));

INSERT INTO Employees (EmployeeID, Name, Position, Salary, Department, HireDate)
VALUES (3, 'Charlie Singh', 'Sales Executive', 45000, 'Sales', TO_DATE('2018-09-10', 'YYYY-MM-DD'));

INSERT INTO Employees (EmployeeID, Name, Position, Salary, Department, HireDate)
VALUES (4, 'Daisy Patel', 'Sales Manager', 65000, 'Sales', TO_DATE('2014-04-22', 'YYYY-MM-DD'));

INSERT INTO Employees (EmployeeID, Name, Position, Salary, Department, HireDate)
VALUES (5, 'Ethan Roy', 'System Analyst', 62000, 'IT', TO_DATE('2019-01-05', 'YYYY-MM-DD'));

INSERT INTO Employees (EmployeeID, Name, Position, Salary, Department, HireDate)
VALUES (6, 'Fatima Khan', 'Software Tester', 48000, 'IT', TO_DATE('2021-06-30', 'YYYY-MM-DD'));

INSERT INTO Employees (EmployeeID, Name, Position, Salary, Department, HireDate)
VALUES (7, 'George Mathew', 'HR Executive', 52000, 'HR', TO_DATE('2020-03-15', 'YYYY-MM-DD'));

INSERT INTO Employees (EmployeeID, Name, Position, Salary, Department, HireDate)
VALUES (8, 'Hina Verma', 'Accountant', 58000, 'Finance', TO_DATE('2016-11-20', 'YYYY-MM-DD'));

INSERT INTO Employees (EmployeeID, Name, Position, Salary, Department, HireDate)
VALUES (9, 'Imran Sheikh', 'Finance Analyst', 61000, 'Finance', TO_DATE('2017-08-01', 'YYYY-MM-DD'));
